<?xml version="1.0" encoding="utf-8"?>
<doctrine-mapping xmlns="http://doctrine-project.org/schemas/orm/doctrine-mapping" xmlns:xsi="http://www.w3.org/2001/XMLSchema-instance" xsi:schemaLocation="http://doctrine-project.org/schemas/orm/doctrine-mapping http://doctrine-project.org/schemas/orm/doctrine-mapping.xsd">
  <entity name="App\HomeBundle\Entity\Caste" table="caste">
    <indexes>
      <index name="Caste_Religion_FK_idx" columns="Religion"/>
    </indexes>
    <id name="id" type="integer" column="Id">
      <generator strategy="IDENTITY"/>
    </id>
    <field name="name" type="string" column="Name" length="45" nullable="true">
      <options>
        <option name="fixed"/>
      </options>
    </field>
    <many-to-one field="religion" target-entity="Religion" fetch="LAZY">
      <join-columns>
        <join-column name="Religion" referenced-column-name="Id"/>
      </join-columns>
    </many-to-one>
  </entity>
</doctrine-mapping>
